year,relative_yield,density
2000,0.1,0.008083567152183231
2000,0.10726817042606517,0.008825951004897506
2000,0.11453634085213033,0.009629007119481113
2000,0.1218045112781955,0.010496978279929457
2000,0.12907268170426064,0.011434339473666792
2000,0.13634085213032582,0.01244580491436659
2000,0.14360902255639096,0.013536334736242444
2000,0.15087719298245614,0.014711141292027273
2000,0.1581453634085213,0.015975694982314624
2000,0.16541353383458646,0.01733572953946347
2000,0.17268170426065163,0.01879724668491901
2000,0.1799498746867168,0.020366520074632435
2000,0.18721804511278195,0.02205009844333418
2000,0.1944862155388471,0.02385480785479188
2000,0.2017543859649123,0.02578775296193601
2000,0.20902255639097744,0.027856317177935963
2000,0.2162907268170426,0.030068161657032723
2000,0.22355889724310776,0.03243122298225812
2000,0.23082706766917294,0.03495370945617736
2000,0.23809523809523808,0.037644095890558484
2000,0.24536340852130326,0.04051111679148133
2000,0.25263157894736843,0.04356375783792747
2000,0.2598997493734336,0.046811245554418
2000,0.2671679197994987,0.050263035081859336
2000,0.2744360902255639,0.05392879595548591
2000,0.28170426065162907,0.05781839580471324
2000,0.2889724310776942,0.0619418818968882
2000,0.2962406015037594,0.06630946045538658
2000,0.30350877192982456,0.07093147369229601
2000,0.3107769423558897,0.07581837450705317
2000,0.3180451127819549,0.08098069881488236
2000,0.32531328320802,0.08642903548270303
2000,0.3325814536340852,0.09217399386530922
2000,0.3398496240601504,0.09822616895102546
2000,0.3471177944862155,0.1045961041436665
2000,0.3543859649122807,0.11129425172637238
2000,0.3616541353383459,0.11833093107266927
2000,0.368922305764411,0.12571628469080132
2000,0.3761904761904762,0.1334602322088406
2000,0.3834586466165414,0.14157242243015858
2000,0.3907268170426065,0.1500621836113623
2000,0.3979949874686717,0.15893847213754725
2000,0.40526315789473677,0.16820981979250293
2000,0.41253132832080197,0.17788427984408844
2000,0.4197994987468672,0.1879693721871295
2000,0.42706766917293226,0.19847202780763293
2000,0.43433583959899746,0.20939853285259552
2000,0.44160401002506267,0.22075447260893977
2000,0.44887218045112776,0.23254467571287346
2000,0.45614035087719296,0.2447731589269591
2000,0.46340852130325816,0.2574430728361399
2000,0.47067669172932325,0.2705566488256397
2000,0.47794486215538845,0.2841151477127839
2000,0.48521303258145365,0.298118810411144
2000,0.49248120300751874,0.31256681100879513
2000,0.49974937343358394,0.32745721264268074
2000,0.5070175438596491,0.3427869265479532
2000,0.5142857142857142,0.3585516746545832
2000,0.5215538847117794,0.3747459560933785
2000,0.5288220551378446,0.3913630179597914
2000,0.5360902255639097,0.40839483066649734
2000,0.5433583959899749,0.4258320681947029
2000,0.55062656641604,0.4436640935295612
2000,0.5578947368421052,0.4618789495370764
2000,0.5651629072681704,0.48046335550854935
2000,0.5724310776942355,0.49940270956424354
2000,0.5796992481203007,0.5186810970707069
2000,0.5869674185463659,0.5382813051863877
2000,0.594235588972431,0.5581848436081762
2000,0.6015037593984962,0.5783719715476178
2000,0.6087719298245613,0.5988217309202027
2000,0.6160401002506265,0.6195119856847927
2000,0.6233082706766917,0.6404194672233018
2000,0.6305764411027568,0.661519825603746
2000,0.637844611528822,0.6827876865231831
2000,0.6451127819548872,0.7041967136813568
2000,0.6523809523809523,0.7257196762916236
2000,0.6596491228070175,0.7473285213933892
2000,0.6669172932330827,0.7689944505903648
2000,0.6741854636591478,0.7906880008019445
2000,0.681453634085213,0.8123791285813199
2000,0.6887218045112782,0.8340372975240389
2000,0.6959899749373433,0.8556315682649579
2000,0.7032581453634085,0.8771306905402618
2000,0.7105263157894736,0.8985031967747094
2000,0.7177944862155388,0.9197174966427906
2000,0.725062656641604,0.9407419720461521
2000,0.732330827067669,0.96154507194866
2000,0.7395989974937343,0.982095406514803
2000,0.7468671679197995,1.0023618400068055
2000,0.7541353383458645,1.022313581910771
2000,0.7614035087719297,1.0419202757821742
2000,0.768671679197995,1.0611520853259424
2000,0.77593984962406,1.0799797772558672
2000,0.7832080200501252,1.0983748005118483
2000,0.7904761904761904,1.116309361451111
2000,0.7977443609022555,1.1337564946705623
2000,0.8050125313283207,1.1506901291614118
2000,0.8122807017543859,1.1670851495435184
2000,0.819548872180451,1.1829174521750727
2000,0.8268170426065162,1.198163995982601
2000,0.8340852130325813,1.2128028479062563
2000,0.8413533834586465,1.2268132229053779
2000,0.8486215538847117,1.2401755185186523
2000,0.8558897243107768,1.252871344021405
2000,0.863157894736842,1.2648835442689106
2000,0.8704260651629072,1.276196218358622
2000,0.8776942355889723,1.2867947332853746
2000,0.8849624060150375,1.2966657328013786
2000,0.8922305764411027,1.3057971417268457
2000,0.8994987468671678,1.3141781659868956
2000,0.906766917293233,1.3217992886757848
2000,0.9140350877192982,1.3286522624701207
2000,0.9213032581453633,1.3347300987284954
2000,0.9285714285714285,1.3400270536256815
2000,0.9358395989974937,1.3445386116752664
2000,0.9431077694235588,1.3482614669952675
2000,0.950375939849624,1.3511935026670943
2000,0.9576441102756892,1.3533337685292897
2000,0.9649122807017543,1.3546824577341026
2000,0.9721804511278195,1.3552408823773956
2000,0.9794486215538846,1.3550114484910047
2000,0.9867167919799498,1.3539976306619583
2000,0.993984962406015,1.3522039465152393
2000,1.0012531328320802,1.3496359312666806
2000,1.0085213032581453,1.3463001125205138
2000,1.0157894736842106,1.3422039854527135
2000,1.0230576441102757,1.3373559884869946
2000,1.0303258145363408,1.3317654795358607
2000,1.037593984962406,1.3254427128448785
2000,1.0448621553884712,1.3183988164449438
2000,1.0521303258145362,1.3106457701853136
2000,1.0593984962406016,1.3021963842899231
2000,1.0666666666666667,1.2930642783515975
2000,1.0739348370927317,1.2832638606535325
2000,1.081203007518797,1.2728103076852
2000,1.0884711779448621,1.2617195437010105
2000,1.0957393483709272,1.250008220154789
2000,1.1030075187969925,1.2376936948317037
2000,1.1102756892230576,1.2247940104916724
2000,1.1175438596491227,1.2113278728347474
2000,1.124812030075188,1.197314627599348
2000,1.1320802005012531,1.182774236608519
2000,1.1393483709273182,1.1677272525874767
2000,1.1466165413533835,1.1521947925874418
2000,1.1538847117794486,1.1361985098657967
2000,1.1611528822055137,1.1197605640908348
2000,1.168421052631579,1.1029035897603072
2000,1.1756892230576441,1.085650662746374
2000,1.1829573934837092,1.068025264904967
2000,1.1902255639097745,1.0500512467146368
2000,1.1974937343358396,1.031752787938141
2000,1.2047619047619047,1.0131543563290242
2000,1.21203007518797,0.9942806644346966
2000,1.219298245614035,0.9751566245766468
2000,1.2265664160401002,0.9558073021169711
2000,1.2338345864661655,0.9362578671479936
2000,1.2411027568922306,0.9165335447679154
2000,1.2483709273182957,0.8966595641298948
2000,1.255639097744361,0.8766611064743381
2000,1.262907268170426,0.8565632523741783
2000,1.2701754385964912,0.836390928440285
2000,1.2774436090225565,0.8161688537487175
2000,1.2847117794486216,0.795921486263038
2000,1.2919799498746867,0.7756729695333056
2000,1.2992481203007518,0.7554470799585865
2000,1.306516290726817,0.7352671749017587
2000,1.3137844611528822,0.7151561419441338
2000,1.3210526315789473,0.6951363495629935
2000,1.3283208020050126,0.675229599507679
2000,1.3355889724310777,0.6554570811394307
2000,1.3428571428571427,0.6358393279870534
2000,1.350125313283208,0.6163961767547819
2000,1.3573934837092732,0.5971467290007177
2000,1.3646616541353382,0.5781093156841521
2000,1.3719298245614036,0.5593014647582883
2000,1.3791979949874686,0.5407398719615424
2000,1.3864661654135337,0.5224403749361238
2000,1.393734335839599,0.5044179307772407
2000,1.4010025062656641,0.48668659709032414
2000,1.4082706766917292,0.46925951660746906
2000,1.4155388471177945,0.4521489053881381
2000,1.4228070175438596,0.43536604460330514
2000,1.4300751879699247,0.4189212758769562
2000,1.43734335839599,0.4028240001344636
2000,1.4446115288220551,0.3870826798839907
2000,1.4518796992481202,0.37170484483503075
2000,1.4591478696741855,0.35669710073763156
2000,1.4664160401002506,0.3420651413068951
2000,1.4736842105263157,0.327813763080198
2000,1.480952380952381,0.31394688303931195
2000,1.488220551378446,0.30046755881629417
2000,1.4954887218045112,0.2873780112907483
2000,1.5027568922305765,0.27467964937685163
2000,1.5100250626566416,0.2623730967913887
2000,1.5172932330827067,0.2504582205889331
2000,1.524561403508772,0.2389341612472414
2000,1.531829573934837,0.22779936408477153
2000,1.5390977443609022,0.21705161179297727
2000,1.5463659147869675,0.20668805786854574
2000,1.5536340852130326,0.19670526073491904
2000,1.5609022556390977,0.1870992183481676
2000,1.5681704260651628,0.17786540308943766
2000,1.575438596491228,0.16899879675460383
2000,1.5827067669172932,0.16049392546132196
2000,1.5899749373433583,0.1523448943042057
2000,1.5972431077694236,0.1445454216002307
2000,1.6045112781954887,0.13708887257851327
2000,1.6117794486215538,0.12996829238119498
2000,1.619047619047619,0.12317643825514224
2000,1.6263157894736842,0.11670581082737781
2000,1.6335839598997492,0.11054868437048417
2000,1.6408521303258146,0.10469713597753001
2000,1.6481203007518797,0.09914307357922303
2000,1.6553884711779447,0.09387826274890318
2000,1.66265664160401,0.08889435225353837
2000,1.6699248120300751,0.08418289832097674
2000,1.6771929824561402,0.07973538760526373
2000,1.6844611528822055,0.07554325884277853
2000,1.6917293233082706,0.07159792320220537
2000,1.6989974937343357,0.06789078334088461
2000,1.706265664160401,0.06441325118884746
2000,1.7135338345864661,0.06115676448977134
2000,1.7208020050125312,0.058112802135194555
2000,1.7280701754385965,0.055272898334574216
2000,1.7353383458646616,0.05262865566914525
2000,1.7426065162907267,0.050171757082051176
2000,1.749874686716792,0.04789397686087265
2000,1.7571428571428571,0.045787190671487205
2000,1.7644110275689222,0.04384338470418216
2000,1.7716791979949875,0.04205466399413711
2000,1.7789473684210526,0.04041325997882306
2000,1.7862155388471177,0.03891153735457553
2000,1.793483709273183,0.037542000293630806
2000,1.800751879699248,0.03629729808131272
2000,1.8080200501253132,0.035170230230876405
2000,1.8152882205513785,0.03415375113080999
2000,1.8225563909774436,0.03324097427621778
2000,1.8298245614035087,0.03242517613232312
2000,1.8370927318295738,0.03169979967419474
2000,1.844360902255639,0.031058457642576268
2000,1.8516290726817042,0.030494935551251254
2000,1.8588972431077693,0.030003194476763712
2000,1.8661654135338346,0.02957737365660189
2000,1.8734335839598997,0.0292117929171987
2000,1.8807017543859648,0.028900954948367048
2000,1.88796992481203,0.028639547436129613
2000,1.8952380952380952,0.028422445061373557
2000,1.9025062656641603,0.028244711367415194
2000,1.9097744360902256,0.02810160049544572
2000,1.9170426065162907,0.02798855878299038
2000,1.9243107769423557,0.02790122621699325
2000,1.931578947368421,0.0278354377299717
2000,1.9388471177944862,0.02778722432490217
2000,1.9461152882205512,0.02775281401212691
2000,1.9533834586466166,0.02772863253963231
2000,1.9606516290726816,0.027711303896558178
2000,1.9679197994987467,0.027697650568764238
2000,1.975187969924812,0.02768469352470941
2000,1.9824561403508771,0.027669651909790885
2000,1.9897243107769422,0.02764994242763545
2000,1.9969924812030075,0.02762317838762441
2000,2.0042606516290724,0.02758716839914715
2000,2.0115288220551375,0.027539914694695793
2000,2.018796992481203,0.027479611065906063
2000,2.026065162907268,0.027404640398988104
2000,2.033333333333333,0.027313571798637765
2000,2.0406015037593983,0.027205157292438303
2000,2.0478696741854634,0.02707832811091015
2000,2.0551378446115285,0.02693219054170042
2000,2.062406015037594,0.026766021359877813
2000,2.069674185463659,0.02657926283986569
2000,2.076942355889724,0.026371517358158392
2000,2.0842105263157893,0.026142541599577632
2000,2.0914786967418544,0.025892240383387492
2000,2.0987468671679195,0.025620660129054725
2000,2.106015037593985,0.025327981984771087
2000,2.11328320802005,0.025014514645004347
2000,2.120551378446115,0.024680686886275772
2000,2.1278195488721803,0.02432703985303981
2000,2.1350877192982454,0.023954219127932604
2000,2.142355889724311,0.023562966622733463
2000,2.149624060150376,0.02315411232812457
2000,2.156892230576441,0.02272856596171705
2000,2.164160401002506,0.022287308554826555
2000,2.1714285714285713,0.021831384019114625
2000,2.1786967418546364,0.021361890734461868
2000,2.185964912280702,0.020879973199304715
2000,2.193233082706767,0.020386813784153586
2000,2.200501253132832,0.01988362462812744
2000,2.207769423558897,0.01937163971710088
2000,2.2150375939849622,0.018852107180483232
2000,2.2223057644110273,0.018326281841756522
2000,2.2295739348370924,0.017795418055715256
2000,2.236842105263158,0.01726076286290417
2000,2.244110275689223,0.016723549489069987
2000,2.251378446115288,0.016184991214563207
2000,2.2586466165413532,0.015646275635580253
2000,2.2659147869674183,0.015108559335958248
2000,2.2731829573934834,0.014572962984962872
2000,2.280451127819549,0.014040566873177486
2000,2.287719298245614,0.013512406895246744
2000,2.294987468671679,0.012989470984882404
2000,2.302255639097744,0.012472696004240705
2000,2.3095238095238093,0.011962965086556213
2000,2.3167919799498744,0.011461105427801864
2000,2.32406015037594,0.010967886520162803
2000,2.331328320802005,0.010484018817290806
2000,2.33859649122807,0.010010152818666759
2000,2.345864661654135,0.009546878557963353
2000,2.3531328320802003,0.009094725478082287
2000,2.3604010025062654,0.008654162673556407
2000,2.367669172932331,0.008225599479265603
2000,2.374937343358396,0.007809386382924643
2000,2.382205513784461,0.00740581623756368
2000,2.389473684210526,0.007015125749242016
2000,2.3967418546365913,0.006637497214507288
2000,2.4040100250626564,0.006273060481634154
2000,2.411278195488722,0.005921895109440093
2000,2.418546365914787,0.005584032697472068
2000,2.425814536340852,0.005259459361574536
2000,2.433082706766917,0.004948118329274702
2000,2.4403508771929823,0.004649912630037545
2000,2.4476190476190474,0.0043647078562372805
2000,2.454887218045113,0.004092334971644273
2000,2.462155388471178,0.0038325931453200967
2000,2.469423558897243,0.0035852525900285973
2000,2.476691729323308,0.0033500573855902178
2000,2.4839598997493733,0.003126728269009424
2000,2.4912280701754383,0.002914965374674115
2000,2.4984962406015034,0.0027144509094418887
2000,2.505764411027569,0.002524851748973724
2000,2.513032581453634,0.002345821943234365
2000,2.520300751879699,0.002177005120633827
2000,2.5275689223057642,0.002018036781822576
2000,2.5348370927318293,0.0018685464756585223
2000,2.5421052631578944,0.0017281598513264787
2000,2.54937343358396,0.001596500581997887
2000,2.556641604010025,0.0014731921567615513
2000,2.56390977443609,0.0013578595388257847
2000,2.5711779448621552,0.0012501306891829482
2000,2.5784461152882203,0.0011496379560321905
2000,2.5857142857142854,0.001056019331271967
2000,2.592982456140351,0.0009689195762973861
2000,2.600250626566416,0.0008879912201669344
2000,2.607518796992481,0.000812895433938122
2000,2.614786967418546,0.0007433027856129169
2000,2.6220551378446113,0.0006788938806824025
2000,2.6293233082706764,0.0006193598937189022
2000,2.636591478696742,0.0005644029968356096
2000,2.643859649122807,0.0005137366911225304
2000,2.651127819548872,0.0004670860473775735
2000,2.658395989974937,0.00042418786258798354
2000,2.6656641604010023,0.00038479073868486716
2000,2.6729323308270674,0.00034865509009821634
2000,2.680200501253133,0.00031555308658698145
2000,2.687468671679198,0.0002852685377143314
2000,2.694736842105263,0.0002575967251879849
2000,2.702005012531328,0.0002323441890953055
2000,2.7092731829573933,0.00020932847383817215
2000,2.7165413533834584,0.00018837783931918413
2000,2.723809523809524,0.00016933094265364197
2000,2.731077694235589,0.000152036495386048
2000,2.738345864661654,0.0001363529008803006
2000,2.745614035087719,0.00012214787623374975
2000,2.7528822055137843,0.00010929806274080074
2000,2.7601503759398494,9.768862860566073e-05
2000,2.7674185463659144,8.721286727931303e-05
2000,2.77468671679198,7.777179447597913e-05
2000,2.781954887218045,6.927374661173423e-05
2000,2.78922305764411,6.163398310487828e-05
2000,2.7964912280701753,5.4774294686068835e-05
2000,2.8037593984962403,4.8622619587644296e-05
2000,2.8110275689223054,4.311266921732582e-05
2000,2.818295739348371,3.818356467256188e-05
2000,2.825563909774436,3.3779485218865056e-05
2000,2.832832080200501,2.9849329639068214e-05
2000,2.8401002506265662,2.6346391160728487e-05
2000,2.8473684210526313,2.3228046485937504e-05
2000,2.8546365914786964,2.0455459281426316e-05
2000,2.861904761904762,1.799329833675305e-05
2000,2.869172932330827,1.5809470464075335e-05
2000,2.876441102756892,1.387486809397559e-05
2000,2.8837092731829572,1.2163131417360096e-05
2000,2.8909774436090223,1.065042483283861e-05
2000,2.8982456140350874,9.315227381427544e-06
2000,2.905513784461153,8.138136785048399e-06
2000,2.912781954887218,7.101686651253069e-06
2000,2.920050125313283,6.190176363010646e-06
2000,2.927318295739348,5.389513138356487e-06
2000,2.9345864661654133,4.687065719350812e-06
2000,2.9418546365914784,4.0715291322693574e-06
2000,2.949122807017544,3.5327999504182046e-06
2000,2.956390977443609,3.061861486627221e-06
2000,2.963659147869674,2.650678343573667e-06
2000,2.970927318295739,2.2920997558956515e-06
2000,2.9781954887218043,1.979771167898999e-06
2000,2.9854636591478694,1.7080535039118812e-06
2000,2.992731829573935,1.4719496044170413e-06
2000,3.0,1.2670373194579897e-06
2012,0.1,0.09701339880308783
2012,0.10726817042606517,0.10061658708054283
2012,0.11453634085213033,0.10432375046936532
2012,0.1218045112781955,0.10813663221681225
2012,0.12907268170426064,0.1120569518506076
2012,0.13634085213032582,0.11608640224814262
2012,0.14360902255639096,0.12022664661312854
2012,0.15087719298245614,0.12447931536050043
2012,0.1581453634085213,0.12884600291063383
2012,0.16541353383458646,0.13332826439420936
2012,0.17268170426065163,0.13792761226934905
2012,0.1799498746867168,0.14264551285295196
2012,0.18721804511278195,0.14748338276846928
2012,0.1944862155388471,0.1524425853126883
2012,0.2017543859649123,0.15752442674443515
2012,0.20902255639097744,0.16273015249845563
2012,0.2162907268170426,0.16806094332809962
2012,0.22355889724310776,0.17351791138080425
2012,0.23082706766917294,0.17910209621075532
2012,0.23809523809523808,0.18481446073349778
2012,0.24536340852130326,0.1906558871276633
2012,0.25263157894736843,0.1966271726893894
2012,0.2598997493734336,0.20272902564541376
2012,0.2671679197994987,0.2089620609312427
2012,0.2744360902255639,0.21532679594120835
2012,0.28170426065162907,0.22182364625764778
2012,0.2889724310776942,0.22845292136685444
2012,0.2962406015037594,0.23521482036986832
2012,0.30350877192982456,0.24210942769657962
2012,0.3107769423558897,0.24913670883203295
2012,0.3180451127819549,0.25629650606420984
2012,0.32531328320802,0.2635885342629615
2012,0.3325814536340852,0.27101237670014233
2012,0.3398496240601504,0.2785674809213519
2012,0.3471177944862155,0.2862531546800532
2012,0.3543859649122807,0.2940685619451558
2012,0.3616541353383459,0.30201271899347165
2012,0.368922305764411,0.31008449059873777
2012,0.3761904761904762,0.3182825863291698
2012,0.3834586466165414,0.3266055569657449
2012,0.3907268170426065,0.3350517910536343
2012,0.3979949874686717,0.34361951159937776
2012,0.40526315789473677,0.3523067729265496
2012,0.41253132832080197,0.3611114577027809
2012,0.4197994987468672,0.37003127415107817
2012,0.42706766917293226,0.3790637534584271
2012,0.43433583959899746,0.3882062473946684
2012,0.44160401002506267,0.39745592615459524
2012,0.44887218045112776,0.4068097764361403
2012,0.45614035087719296,0.41626459976739577
2012,0.46340852130325816,0.42581701109503406
2012,0.47067669172932325,0.43546343764648615
2012,0.47794486215538845,0.44520011807796167
2012,0.48521303258145365,0.4550231019200853
2012,0.49248120300751874,0.46492824933255733
2012,0.49974937343358394,0.47491123117883843
2012,0.5070175438596491,0.48496752943138793
2012,0.5142857142857142,0.49509243791747987
2012,0.5215538847117794,0.5052810634150556
2012,0.5288220551378446,0.5155283271074539
2012,0.5360902255639097,0.5258289664052108
2012,0.5433583959899749,0.5361775371423995
2012,0.55062656641604,0.5465684161542305
2012,0.5578947368421052,0.5569958042418308
2012,0.5651629072681704,0.5674537295292702
2012,0.5724310776942355,0.577936051217015
2012,0.5796992481203007,0.588436463735062
2012,0.5869674185463659,0.5989485012980289
2012,0.594235588972431,0.6094655428634829
2012,0.6015037593984962,0.6199808174937385
2012,0.6087719298245613,0.6304874101202944
2012,0.6160401002506265,0.6409782677089787
2012,0.6233082706766917,0.6514462058227454
2012,0.6305764411027568,0.6618839155779279
2012,0.637844611528822,0.6722839709885909
2012,0.6451127819548872,0.6826388366924406
2012,0.6523809523809523,0.6929408760505776
2012,0.6596491228070175,0.703182359612183
2012,0.6669172932330827,0.713355473934019
2012,0.6741854636591478,0.7234523307434635
2012,0.681453634085213,0.7334649764325805
2012,0.6887218045112782,0.7433854018695811
2012,0.6959899749373433,0.7532055525128535
2012,0.7032581453634085,0.7629173388116117
2012,0.7105263157894736,0.7725126468760957
2012,0.7177944862155388,0.7819833493991695
2012,0.725062656641604,0.7913213168101166
2012,0.732330827067669,0.8005184286404126
2012,0.7395989974937343,0.8095665850802908
2012,0.7468671679197995,0.8184577187039852
2012,0.7541353383458645,0.8271838063406675
2012,0.7614035087719297,0.8357368810672727
2012,0.768671679197995,0.8441090442986471
2012,0.77593984962406,0.8522924779497595
2012,0.7832080200501252,0.8602794566440782
2012,0.7904761904761904,0.8680623599416618
2012,0.7977443609022555,0.8756336845600159
2012,0.8050125313283207,0.8829860565603582
2012,0.8122807017543859,0.8901122434715967
2012,0.819548872180451,0.8970051663240703
2012,0.8268170426065162,0.9036579115649287
2012,0.8340852130325813,0.910063742826939
2012,0.8413533834586465,0.9162161125225088
2012,0.8486215538847117,0.9221086732347878
2012,0.8558897243107768,0.9277352888778967
2012,0.863157894736842,0.9330900455985838
2012,0.8704260651629072,0.9381672623919565
2012,0.8776942355889723,0.9429615014043824
2012,0.8849624060150375,0.9474675778971675
2012,0.8922305764411027,0.9516805698452393
2012,0.8994987468671678,0.9555958271457546
2012,0.906766917293233,0.9592089804123388
2012,0.9140350877192982,0.9625159493315193
2012,0.9213032581453633,0.9655129505588654
2012,0.9285714285714285,0.9681965051333684
2012,0.9358395989974937,0.9705634453896813
2012,0.9431077694235588,0.9726109213490163
2012,0.950375939849624,0.9743364065707241
2012,0.9576441102756892,0.9757377034478761
2012,0.9649122807017543,0.9768129479315373
2012,0.9721804511278195,0.9775606136698147
2012,0.9794486215538846,0.9779795155492494
2012,0.9867167919799498,0.9780688126276129
2012,0.993984962406015,0.977828010448729
2012,1.0012531328320802,0.9772569627315298
2012,1.0085213032581453,0.9763558724271676
2012,1.0157894736842106,0.9751252921396492
2012,1.0230576441102757,0.9735661239071245
2012,1.0303258145363408,0.9716796183426334
2012,1.037593984962406,0.9694673731348044
2012,1.0448621553884712,0.9669313309106816
2012,1.0521303258145362,0.9640737764645427
2012,1.0593984962406016,0.9608973333582493
2012,1.0666666666666667,0.9574049599003202
2012,1.0739348370927317,0.9535999445125732
2012,1.081203007518797,0.9494859004947825
2012,1.0884711779448621,0.9450667601993837
2012,1.0957393483709272,0.9403467686298091
2012,1.1030075187969925,0.9353304764775296
2012,1.1102756892230576,0.9300227326143425
2012,1.1175438596491227,0.924428676057843
2012,1.124812030075188,0.9185537274293658
2012,1.1320802005012531,0.9124035799249683
2012,1.1393483709273182,0.9059841898212431
2012,1.1466165413533835,0.8993017665388998
2012,1.1538847117794486,0.8923627622881385
2012,1.1611528822055137,0.8851738613208209
2012,1.168421052631579,0.8777419688153861
2012,1.1756892230576441,0.870074199421285
2012,1.1829573934837092,0.8621778654904549
2012,1.1902255639097745,0.8540604650240403
2012,1.1974937343358396,0.8457296693631289
2012,1.2047619047619047,0.8371933106527596
2012,1.21203007518797,0.8284593691088697
2012,1.219298245614035,0.8195359601181381
2012,1.2265664160401002,0.8104313212008999
2012,1.2338345864661655,0.801153798867431
2012,1.2411027568922306,0.791711835397927
2012,1.2483709273182957,0.782113955576432
2012,1.255639097744361,0.7723687534088344
2012,1.262907268170426,0.7624848788547871
2012,1.2701754385964912,0.7524710246030919
2012,1.2774436090225565,0.7423359129196709
2012,1.2847117794486216,0.7320882825967454
2012,1.2919799498746867,0.7217368760312661
2012,1.2992481203007518,0.7112904264599867
2012,1.306516290726817,0.7007576453778324
2012,1.3137844611528822,0.6901472101654238
2012,1.3210526315789473,0.6794677519507295
2012,1.3283208020050126,0.6687278437289078
2012,1.3355889724310777,0.6579359887633857
2012,1.3428571428571427,0.6471006092901728
2012,1.350125313283208,0.6362300355463198
2012,1.3573934837092732,0.6253324951422657
2012,1.3646616541353382,0.6144161027966255
2012,1.3719298245614036,0.6034888504507506
2012,1.3791979949874686,0.5925585977791165
2012,1.3864661654135337,0.5816330631102978
2012,1.393734335839599,0.5707198147719852
2012,1.4010025062656641,0.5598262628721449
2012,1.4082706766917292,0.5489596515270763
2012,1.4155388471177945,0.5381270515457643
2012,1.4228070175438596,0.5273353535785494
2012,1.4300751879699247,0.5165912617367688
2012,1.43734335839599,0.5059012876886678
2012,1.4446115288220551,0.49527174523551715
2012,1.4518796992481202,0.4847087453705267
2012,1.4591478696741855,0.4742181918218345
2012,1.4664160401002506,0.4638057770795321
2012,1.4736842105263157,0.45347697890541183
2012,1.480952380952381,0.443237057322882
2012,1.488220551378446,0.43309105208326626
2012,1.4954887218045112,0.42304378060352676
2012,1.5027568922305765,0.4130998363693168
2012,1.5100250626566416,0.4032635877961597
2012,1.5172932330827067,0.3935391775404987
2012,1.524561403508772,0.3839305222513642
2012,1.531829573934837,0.3744413127524385
2012,1.5390977443609022,0.3650750146433986
2012,1.5463659147869675,0.35583486930856956
2012,1.5536340852130326,0.34672389532012415
2012,1.5609022556390977,0.33774489022232423
2012,1.5681704260651628,0.3289004326826288
2012,1.575438596491228,0.3201928849948637
2012,1.5827067669172932,0.3116243959190963
2012,1.5899749373433583,0.3031969038423497
2012,1.5972431077694236,0.29491214024386236
2012,1.6045112781954887,0.28677163344820983
2012,1.6117794486215538,0.2787767126492907
2012,1.619047619047619,0.27092851218792235
2012,1.6263157894736842,0.26322797606558745
2012,1.6335839598997492,0.2556758626767306
2012,1.6408521303258146,0.24827274974192567
2012,1.6481203007518797,0.24101903942419955
2012,1.6553884711779447,0.23391496361082392
2012,1.66265664160401,0.22696058934297347
2012,1.6699248120300751,0.22015582437576992
2012,1.6771929824561402,0.21350042285141502
2012,1.6844611528822055,0.20699399106834626
2012,1.6917293233082706,0.20063599332961637
2012,1.6989974937343357,0.19442575785401556
2012,1.706265664160401,0.18836248273381437
2012,1.7135338345864661,0.18244524192339895
2012,1.7208020050125312,0.17667299124349875
2012,1.7280701754385965,0.17104457438617873
2012,1.7353383458646616,0.16555872890625858
2012,1.7426065162907267,0.16021409218534535
2012,1.749874686716792,0.15500920735522167
2012,1.7571428571428571,0.1499425291679
2012,1.7644110275689222,0.14501242980024706
2012,1.7716791979949875,0.1402172045816989
2012,1.7789473684210526,0.13555507763420968
2012,1.7862155388471177,0.1310242074142163
2012,1.793483709273183,0.12662269214705624
2012,1.800751879699248,0.12234857514492692
2012,1.8080200501253132,0.1181998500001402
2012,1.8152882205513785,0.11417446564609177
2012,1.8225563909774436,0.1102703312790293
2012,1.8298245614035087,0.10648532113436589
2012,1.8370927318295738,0.10281727911194859
2012,1.844360902255639,0.09926402324534228
2012,1.8516290726817042,0.0958233500108365
2012,1.8588972431077693,0.09249303847251615
2012,1.8661654135338346,0.08927085426036548
2012,1.8734335839598997,0.0861545533789798
2012,1.8807017543859648,0.08314188584505759
2012,1.88796992481203,0.08023059915242482
2012,1.8952380952380952,0.0774184415639027
2012,1.9025062656641603,0.07470316522987211
2012,1.9097744360902256,0.07208252913391064
2012,1.9170426065162907,0.06955430186637733
2012,1.9243107769423557,0.06711626422729722
2012,1.931578947368421,0.06476621166035519
2012,1.9388471177944862,0.06250195652023759
2012,1.9461152882205512,0.0603213301759668
2012,1.9533834586466166,0.05822218495325827
2012,1.9606516290726816,0.056202395919283776
2012,1.9679197994987467,0.054259862513557036
2012,1.975187969924812,0.052392510028964466
2012,1.9824561403508771,0.05059829094724275
2012,1.9897243107769422,0.048875186133459286
2012,1.9969924812030075,0.04722120589428206
2012,2.0042606516290724,0.0456343909050273
2012,2.0115288220551375,0.044112813010651675
2012,2.018796992481203,0.04265457590601161
2012,2.026065162907268,0.04125781570083916
2012,2.033333333333333,0.039920701374989744
2012,2.0406015037593983,0.03864143512960184
2012,2.0478696741854634,0.037418252639864764
2012,2.0551378446115285,0.0362494232151308
2012,2.062406015037594,0.03513324987212306
2012,2.069674185463659,0.034068069326987145
2012,2.076942355889724,0.03305225191190946
2012,2.0842105263157893,0.032084201421984135
2012,2.0914786967418544,0.031162354897948222
2012,2.0987468671679195,0.030285182350327695
2012,2.106015037593985,0.02945118643044283
2012,2.11328320802005,0.02865890205361249
2012,2.120551378446115,0.027906895979772455
2012,2.1278195488721803,0.027193766356588087
2012,2.1350877192982454,0.026518142229990736
2012,2.142355889724311,0.02587868302690803
2012,2.149624060150376,0.025274078014787565
2012,2.156892230576441,0.024703045742332827
2012,2.164160401002506,0.024164333465682936
2012,2.1714285714285713,0.023656716564071194
2012,2.1786967418546364,0.023178997948795774
2012,2.185964912280702,0.02273000746912812
2012,2.193233082706767,0.022308601318572787
2012,2.200501253132832,0.021913661444676043
2012,2.207769423558897,0.02154409496536305
2012,2.2150375939849622,0.021198833594562268
2012,2.2223057644110273,0.020876833079654752
2012,2.2295739348370924,0.020577072653064434
2012,2.236842105263158,0.020298554500084574
2012,2.244110275689223,0.02004030324481609
2012,2.251378446115288,0.01980136545587569
2012,2.2586466165413532,0.019580809173317774
2012,2.2659147869674183,0.019377723458002278
2012,2.2731829573934834,0.019191217964434053
2012,2.280451127819549,0.019020422537897187
2012,2.287719298245614,0.01886448683651034
2012,2.294987468671679,0.018722579978638586
2012,2.302255639097744,0.01859389021591224
2012,2.3095238095238093,0.018477624631925423
2012,2.3167919799498744,0.018373008866516258
2012,2.32406015037594,0.018279286865368016
2012,2.331328320802005,0.01819572065451504
2012,2.33859649122807,0.018121590139191065
2012,2.345864661654135,0.0180561929263192
2012,2.3531328320802003,0.01799884416981391
2012,2.3604010025062654,0.017948876437744885
2012,2.367669172932331,0.017905639600302215
2012,2.374937343358396,0.01786850073740039
2012,2.382205513784461,0.017836844064666933
2012,2.389473684210526,0.017810070876478894
2012,2.3967418546365913,0.017787599504637538
2012,2.4040100250626564,0.017768865291208327
2012,2.411278195488722,0.017753320573999684
2012,2.418546365914787,0.017740434683109402
2012,2.425814536340852,0.017729693946933342
2012,2.433082706766917,0.017720601706004795
2012,2.4403508771929823,0.017712678333016988
2012,2.4476190476190474,0.01770546125737322
2012,2.454887218045113,0.01769850499261055
2012,2.462155388471178,0.017691381165052446
2012,2.469423558897243,0.0176836785420634
2012,2.476691729323308,0.017675003058304647
2012,2.4839598997493733,0.017664977838423034
2012,2.4912280701754383,0.017653243214645443
2012,2.4984962406015034,0.017639456737799306
2012,2.505764411027569,0.017623293180332664
2012,2.513032581453634,0.017604444529968084
2012,2.520300751879699,0.017582619972689933
2012,2.5275689223057642,0.017557545863835844
2012,2.5348370927318293,0.017528965686138886
2012,2.5421052631578944,0.017496639993647266
2012,2.54937343358396,0.017460346340532593
2012,2.556641604010025,0.01741987919388548
2012,2.56390977443609,0.01737504982968785
2012,2.5711779448621552,0.017325686211244647
2012,2.5784461152882203,0.01727163284945301
2012,2.5857142857142854,0.01721275064438379
2012,2.592982456140351,0.017148916707748433
2012,2.600250626566416,0.017080024165923018
2012,2.607518796992481,0.017005981943299987
2012,2.614786967418546,0.01692671452583712
2012,2.6220551378446113,0.016842161704770972
2012,2.6293233082706764,0.01675227830055908
2012,2.636591478696742,0.0166570338672106
2012,2.643859649122807,0.016556412377258314
2012,2.651127819548872,0.016450411887716083
2012,2.658395989974937,0.016339044187454257
2012,2.6656641604010023,0.016222334426510776
2012,2.6729323308270674,0.016100320727937566
2012,2.680200501253133,0.0159730537828602
2012,2.687468671679198,0.01584059642950292
2012,2.694736842105263,0.01570302321700093
2012,2.702005012531328,0.015560419954887605
2012,2.7092731829573933,0.01541288324920478
2012,2.7165413533834584,0.01526052002624008
2012,2.723809523809524,0.015103447044945994
2012,2.731077694235589,0.014941790399141031
2012,2.738345864661654,0.01477568501063304
2012,2.745614035087719,0.014605274114439893
2012,2.7528822055137843,0.014430708737311799
2012,2.7601503759398494,0.01425214717078289
2012,2.7674185463659144,0.01406975443999837
2012,2.77468671679198,0.013883701769575664
2012,2.781954887218045,0.013694166047765355
2012,2.78922305764411,0.013501329290179189
2012,2.7964912280701753,0.0133053781043491
2012,2.8037593984962403,0.013106503156371952
2012,2.8110275689223054,0.012904898640880959
2012,2.818295739348371,0.012700761755565858
2012,2.825563909774436,0.012494292181440242
2012,2.832832080200501,0.01228569157002604
2012,2.8401002506265662,0.012075163038593045
2012,2.8473684210526313,0.011862910674554219
2012,2.8546365914786964,0.011649139050077183
2012,2.861904761904762,0.01143405274792812
2012,2.869172932330827,0.011217855899516677
2012,2.876441102756892,0.011000751736059767
2012,2.8837092731829572,0.010782942153728926
2012,2.8909774436090223,0.010564627293589772
2012,2.8982456140350874,0.010346005137083893
2012,2.905513784461153,0.010127271117743676
2012,2.912781954887218,0.00990861774976864
2012,2.920050125313283,0.00969023427402894
2012,2.927318295739348,0.009472306321997886
2012,2.9345864661654133,0.009255015598050366
2012,2.9418546365914784,0.009038539580499152
2012,2.949122807017544,0.008823051241675858
2012,2.956390977443609,0.008608718787298204
2012,2.963659147869674,0.008395705415300618
2012,2.970927318295739,0.008184169094241635
2012,2.9781954887218043,0.007974262361338195
2012,2.9854636591478694,0.0077661321401156095
2012,2.992731829573935,0.007559919577601652
2012,3.0,0.007355759900934584
2024,0.1,0.07939737280326631
2024,0.10726817042606517,0.08041141948505844
2024,0.11453634085213033,0.08145319993545748
2024,0.1218045112781955,0.08253149042965588
2024,0.12907268170426064,0.08365541274464437
2024,0.13634085213032582,0.08483438626443389
2024,0.14360902255639096,0.08607807859357335
2024,0.15087719298245614,0.08739635529270529
2024,0.1581453634085213,0.08879922935988235
2024,0.16541353383458646,0.09029681108152203
2024,0.17268170426065163,0.09189925886701224
2024,0.1799498746867168,0.09361673166106942
2024,0.18721804511278195,0.09545934349812671
2024,0.1944862155388471,0.09743712072358833
2024,0.2017543859649123,0.09955996235819424
2024,0.20902255639097744,0.10183760402460892
2024,0.2162907268170426,0.10427958579046168
2024,0.22355889724310776,0.1068952242103314
2024,0.23082706766917294,0.10969358877163876
2024,0.23809523809523808,0.11268348286724693
2024,0.24536340852130326,0.11587342933204782
2024,0.25263157894736843,0.11927166049327319
2024,0.2598997493734336,0.12288611259614136
2024,0.2671679197994987,0.12672442437918602
2024,0.2744360902255639,0.1307939394887033
2024,0.28170426065162907,0.13510171234067583
2024,0.2889724310776942,0.1396545169627525
2024,0.2962406015037594,0.1444588582797885
2024,0.30350877192982456,0.14952098524543161
2024,0.3107769423558897,0.15484690517052227
2024,0.3180451127819549,0.16044239855779577
2024,0.32531328320802,0.16631303372253498
2024,0.3325814536340852,0.17246418046126744
2024,0.3398496240601504,0.17890102202599809
2024,0.3471177944862155,0.18562856467031197
2024,0.3543859649122807,0.19265164405624657
2024,0.3616541353383459,0.19997492784718732
2024,0.368922305764411,0.20760291386204738
2024,0.3761904761904762,0.21553992322926327
2024,0.3834586466165414,0.22379008805508083
2024,0.3907268170426065,0.23235733320839838
2024,0.3979949874686717,0.24124535192302865
2024,0.40526315789473677,0.2504575750263805
2024,0.41253132832080197,0.2599971337198191
2024,0.4197994987468672,0.26986681595867
2024,0.42706766917293226,0.28006901660723815
2024,0.43433583959899746,0.2906056816743518
2024,0.44160401002506267,0.30147824706578347
2024,0.44887218045112776,0.31268757241932355
2024,0.45614035087719296,0.32423387071407955
2024,0.46340852130325816,0.33611663446555967
2024,0.47067669172932325,0.3483345594300819
2024,0.47794486215538845,0.36088546684387585
2024,0.48521303258145365,0.3737662253118579
2024,0.49248120300751874,0.38697267353655473
2024,0.49974937343358394,0.4004995451372138
2024,0.5070175438596491,0.4143403968512062
2024,0.5142857142857142,0.42848754143306955
2024,0.5215538847117794,0.44293198656980604
2024,0.5288220551378446,0.45766338111357385
2024,0.5360902255639097,0.47266996989418336
2024,0.5433583959899749,0.4879385583136247
2024,0.55062656641604,0.5034544878434181
2024,0.5578947368421052,0.5192016234434089
2024,0.5651629072681704,0.5351623537985699
2024,0.5724310776942355,0.5513176051297252
2024,0.5796992481203007,0.567646869176394
2024,0.5869674185463659,0.5841282457771234
2024,0.594235588972431,0.6007385002869615
2024,0.6015037593984962,0.6174531358756137
2024,0.6087719298245613,0.6342464805461122
2024,0.6160401002506265,0.65109178850549
2024,0.6233082706766917,0.6679613553091006
2024,0.6305764411027568,0.6848266459922129
2024,0.637844611528822,0.7016584351995598
2024,0.6451127819548872,0.7184269581290975
2024,0.6523809523809523,0.735102070923561
2024,0.6596491228070175,0.7516534189757178
2024,0.6669172932330827,0.7680506114635647
2024,0.6741854636591478,0.7842634003028862
2024,0.681453634085213,0.8002618615991633
2024,0.6887218045112782,0.8160165776009716
2024,0.6959899749373433,0.8314988171046324
2024,0.7032581453634085,0.8466807122363418
2024,0.7105263157894736,0.8615354295443326
2024,0.7177944862155388,0.876037333370295
2024,0.725062656641604,0.8901621395362712
2024,0.732330827067669,0.903887057480102
2024,0.7395989974937343,0.9171909190981327
2024,0.7468671679197995,0.9300542927068363
2024,0.7541353383458645,0.9424595807132384
2024,0.7614035087719297,0.9543910997850781
2024,0.768671679197995,0.965835142532629
2024,0.77593984962406,0.9767800199517996
2024,0.7832080200501252,0.9872160841289098
2024,0.7904761904761904,0.997135730967608
2024,0.7977443609022555,1.006533382963699
2024,0.8050125313283207,1.0154054523200096
2024,0.8122807017543859,1.0237502849566478
2024,0.819548872180451,1.031568086227919
2024,0.8268170426065162,1.0388608294016048
2024,0.8340852130325813,1.0456321481854556
2024,0.8413533834586465,1.0518872147958311
2024,0.8486215538847117,1.0576326052511449
2024,0.8558897243107768,1.0628761537351212
2024,0.863157894736842,1.067626798009284
2024,0.8704260651629072,1.0718944179585284
2024,0.8776942355889723,1.0756896694264564
2024,0.8849624060150375,1.079023815537429
2024,0.8922305764411027,1.081908557709494
2024,0.8994987468671678,1.0843558685366304
2024,0.906766917293233,1.0863778286607635
2024,0.9140350877192982,1.0879864696650083
2024,0.9213032581453633,1.0891936249013061
2024,0.9285714285714285,1.090010790020306
2024,0.9358395989974937,1.0904489948016967
2024,0.9431077694235588,1.0905186876922668
2024,0.950375939849624,1.0902296342502384
2024,0.9576441102756892,1.0895908304714808
2024,0.9649122807017543,1.088610431740046
2024,0.9721804511278195,1.0872956979059822
2024,0.9794486215538846,1.0856529547516722
2024,0.9867167919799498,1.0836875718680399
2024,0.993984962406015,1.081403956727734
2024,1.0012531328320802,1.0788055645176124
2024,1.0085213032581453,1.0758949230809918
2024,1.0157894736842106,1.0726736721243975
2024,1.0230576441102757,1.069142615666753
2024,1.0303258145363408,1.0653017865535543
2024,1.037593984962406,1.0611505217265305
2024,1.0448621553884712,1.0566875468321315
2024,1.0521303258145362,1.0519110686709163
2024,1.0593984962406016,1.0468188739350663
2024,1.0666666666666667,1.0414084326528552
2024,1.0739348370927317,1.0356770047564667
2024,1.081203007518797,1.0296217482122056
2024,1.0884711779448621,1.023239827198463
2024,1.0957393483709272,1.0165285188850535
2024,1.1030075187969925,1.0094853174556442
2024,1.1102756892230576,1.002108034120485
2024,1.1175438596491227,0.9943948919869312
2024,1.124812030075188,0.986344614787446
2024,1.1320802005012531,0.9779565086059757
2024,1.1393483709273182,0.9692305358907455
2024,1.1466165413533835,0.9601673811916771
2024,1.1538847117794486,0.9507685082108492
2024,1.1611528822055137,0.9410362079018544
2024,1.168421052631579,0.9309736374960422
2024,1.1756892230576441,0.9205848504679681
2024,1.1829573934837092,0.9098748175768909
2024,1.1902255639097745,0.8988494392340072
2024,1.1974937343358396,0.887515549544844
2024,1.2047619047619047,0.8758809124617261
2024,1.21203007518797,0.863954210551779
2024,1.219298245614035,0.8517450269410902
2024,1.2265664160401002,0.839263821035466
2024,1.2338345864661655,0.8265218986430057
2024,1.2411027568922306,0.8135313771340897
2024,1.2483709273182957,0.80030514627134
2024,1.255639097744361,0.7868568253268504
2024,1.262907268170426,0.7732007170779064
2024,1.2701754385964912,0.7593517592371557
2024,1.2774436090225565,0.7453254738304885
2024,1.2847117794486216,0.73113791498751
2024,1.2919799498746867,0.7168056155573453
2024,1.2992481203007518,0.702345532908392
2024,1.306516290726817,0.6877749942163336
2024,1.3137844611528822,0.6731116414918817
2024,1.3210526315789473,0.6583733765498835
2024,1.3283208020050126,0.6435783060759382
2024,1.3355889724310777,0.6287446869066626
2024,1.3428571428571427,0.613890871606133
2024,1.350125313283208,0.5990352543945164
2024,1.3573934837092732,0.5841962174658617
2024,1.3646616541353382,0.5693920777206344
2024,1.3719298245614036,0.5546410339348045
2024,1.3791979949874686,0.5399611143907289
2024,1.3864661654135337,0.5253701250052428
2024,1.393734335839599,0.5108855980065159
2024,1.4010025062656641,0.49652474123240503
2024,1.4082706766917292,0.4823043881482124
2024,1.4155388471177945,0.46824094870977395
2024,1.4228070175438596,0.4543503612273859
2024,1.4300751879699247,0.44064804541597674
2024,1.43734335839599,0.42714885684588033
2024,1.4446115288220551,0.41386704303528504
2024,1.4518796992481202,0.40081620144878477
2024,1.4591478696741855,0.38800923968538203
2024,1.4664160401002506,0.37545833815280494
2024,1.4736842105263157,0.36317491553236253
2024,1.480952380952381,0.35116959733916486
2024,1.488220551378446,0.3394521878759066
2024,1.4954887218045112,0.3280316458644085
2024,1.5027568922305765,0.3169160640176644
2024,1.5100250626566416,0.30611265278645494
2024,1.5172932330827067,0.2956277284790587
2024,1.524561403508772,0.28546670591080014
2024,1.531829573934837,0.2756340956928404
2024,1.5390977443609022,0.26613350621768517
2024,1.5463659147869675,0.2569676503433702
2024,1.5536340852130326,0.24813835672032694
2024,1.5609022556390977,0.23964658564575964
2024,1.5681704260651628,0.23149244927125875
2024,1.575438596491228,0.2236752359315902
2024,1.5827067669172932,0.21619343830744991
2024,1.5899749373433583,0.20904478508365992
2024,1.5972431077694236,0.2022262757179932
2024,1.6045112781954887,0.19573421789558768
2024,1.6117794486215538,0.18956426721070527
2024,1.619047619047619,0.18371146859219917
2024,1.6263157894736842,0.17817029897209677
2024,1.6335839598997492,0.17293471068864313
2024,1.6408521303258146,0.16799817511625972
2024,1.6481203007518797,0.16335372602519546
2024,1.6553884711779447,0.15899400219308182
2024,1.66265664160401,0.15491128881881372
2024,1.6699248120300751,0.15109755732564817
2024,1.6771929824561402,0.14754450318446022
2024,1.6844611528822055,0.14424358143886026
2024,1.6917293233082706,0.14118603967035287
2024,1.6989974937343357,0.13836294820278303
2024,1.706265664160401,0.1357652274097366
2024,1.7135338345864661,0.13338367205502866
2024,1.7208020050125312,0.1312089726635759
2024,1.7280701754385965,0.12923173398642496
2024,1.7353383458646616,0.12744249068812785
2024,1.7426065162907267,0.1258317204456907
2024,1.749874686716792,0.1243898547046998
2024,1.7571428571428571,0.12310728738877584
2024,1.7644110275689222,0.12197438190215842
2024,1.7716791979949875,0.12098147680106767
2024,1.7789473684210526,0.12011889053674714
2024,1.7862155388471177,0.11937692569119188
2024,1.793483709273183,0.11874587313509237
2024,1.800751879699248,0.11821601653628223
2024,1.8080200501253132,0.11777763763595658
2024,1.8152882205513785,0.11742102268933031
2024,1.8225563909774436,0.11713647043762358
2024,1.8298245614035087,0.11691430193988502
2024,1.8370927318295738,0.11674487254695717
2024,1.844360902255639,0.11661858624677694
2024,1.8516290726817042,0.11652591255126765
2024,1.8588972431077693,0.11645740603150503
2024,1.8661654135338346,0.11640372854092758
2024,1.8734335839598997,0.1163556740974702
2024,1.8807017543859648,0.11630419632604215
2024,1.88796992481203,0.11624043829415953
2024,1.8952380952380952,0.11615576450719428
2024,1.9025062656641603,0.11604179476696716
2024,1.9097744360902256,0.11589043953958754
2024,1.9170426065162907,0.11569393642671533
2024,1.9243107769423557,0.11544488728985655
2024,1.931578947368421,0.11513629554082785
2024,1.9388471177944862,0.11476160308389396
2024,1.9461152882205512,0.11431472637687749
2024,1.9533834586466166,0.11379009107015384
2024,1.9606516290726816,0.11318266468407222
2024,1.9679197994987467,0.11248798679697967
2024,1.975187969924812,0.11170219623747117
2024,1.9824561403508771,0.11082205480535097
2024,1.9897243107769422,0.1098449670854882
2024,1.9969924812030075,0.1087689959665483
2024,2.0042606516290724,0.10759287353157193
2024,2.0115288220551375,0.10631600704853511
2024,2.018796992481203,0.10493847985521614
2024,2.026065162907268,0.1034610470026869
2024,2.033333333333333,0.10188512559426312
2024,2.0406015037593983,0.10021277983046563
2024,2.0478696741854634,0.09844670084414366
2024,2.0551378446115285,0.09659018148208606
2024,2.062406015037594,0.09464708625894903
2024,2.069674185463659,0.09262181677496517
2024,2.076942355889724,0.090519272949584
2024,2.0842105263157893,0.08834481047795109
2024,2.0914786967418544,0.08610419496510337
2024,2.0987468671679195,0.08380355323324981
2024,2.106015037593985,0.0814493223299579
2024,2.11328320802005,0.07904819678909417
2024,2.120551378446115,0.07660707471173864
2024,2.1278195488721803,0.07413300324095803
2024,2.1350877192982454,0.07163312400236513
2024,2.142355889724311,0.06911461907207683
2024,2.149624060150376,0.066584658015403
2024,2.156892230576441,0.06405034651387491
2024,2.164160401002506,0.06151867706571324
2024,2.1714285714285713,0.05899648220626698
2024,2.1786967418546364,0.056490390651169245
2024,2.185964912280702,0.0540067867168297
2024,2.193233082706767,0.05155177332135557
2024,2.200501253132832,0.04913113881500796
2024,2.207769423558897,0.04675032783383255
2024,2.2150375939849622,0.04441441631407481
2024,2.2223057644110273,0.04212809074933187
2024,2.2295739348370924,0.03989563171795716
2024,2.236842105263158,0.037720901655824896
2024,2.244110275689223,0.03560733679990866
2024,2.251378446115288,0.03355794318186854
2024,2.2586466165413532,0.03157529650853671
2024,2.2659147869674183,0.02966154572828006
2024,2.2731829573934834,0.02781842004906765
2024,2.280451127819549,0.026047239145923183
2024,2.287719298245614,0.024348926272452442
2024,2.294987468671679,0.02272402397335349
2024,2.302255639097744,0.021172712082212226
2024,2.3095238095238093,0.01969482768132105
2024,2.3167919799498744,0.018289886697544444
2024,2.32406015037594,0.0169571068101118
2024,2.331328320802005,0.01569543135231894
2024,2.33859649122807,0.01450355389908119
2024,2.345864661654135,0.013379943245691221
2024,2.3531328320802003,0.012322868499536295
2024,2.3604010025062654,0.01133042402546862
2024,2.367669172932331,0.010400554006517971
2024,2.374937343358396,0.00953107640422093
2024,2.382205513784461,0.008719706126550632
2024,2.389473684210526,0.007964077235825826
2024,2.3967418546365913,0.007261764053631544
2024,2.4040100250626564,0.006610301044312467
2024,2.411278195488722,0.006007201382644964
2024,2.418546365914787,0.005449974134538994
2024,2.425814536340852,0.004936140001788986
2024,2.433082706766917,0.004463245602751813
2024,2.4403508771929823,0.004028876280183551
2024,2.4476190476190474,0.003630667445169946
2024,2.454887218045113,0.0032663144820265
2024,2.462155388471178,0.0029335812531547283
2024,2.469423558897243,0.002630307255087722
2024,2.476691729323308,0.0023544134873429512
2024,2.4839598997493733,0.002103907104252115
2024,2.4912280701754383,0.0018768849267171755
2024,2.4984962406015034,0.0016715358959279057
2024,2.505764411027569,0.0014861425545704408
2024,2.513032581453634,0.001319081643073717
2024,2.520300751879699,0.0011688238991087254
2024,2.5275689223057642,0.0010339331480105221
2024,2.5348370927318293,0.0009130647701741066
2024,2.5421052631578944,0.0008049636289263562
2024,2.54937343358396,0.0007084615390377766
2024,2.556641604010025,0.000622474352048392
2024,2.56390977443609,0.0005459987300743689
2024,2.5711779448621552,0.0004781086748618602
2024,2.5784461152882203,0.00041795187367882537
2024,2.5857142857142854,0.00036474591829238807
2024,2.592982456140351,0.00031777444786560197
2024,2.600250626566416,0.0002763832612100818
2024,2.607518796992481,0.00023997643852523734
2024,2.614786967418546,0.00020801250760580343
2024,2.6220551378446113,0.00018000068456054064
2024,2.6293233082706764,0.00015549721440053635
2024,2.636591478696742,0.00013410183245918082
2024,2.643859649122807,0.00011545436352272025
2024,2.651127819548872,9.923147179692575e-05
2024,2.658395989974937,8.514357142117043e-05
2024,2.6656641604010023,7.293190416851736e-05
2024,2.6729323308270674,6.236578823628258e-05
2024,2.680200501253133,5.324003962774731e-05
2024,2.687468671679198,4.537256554014093e-05
2024,2.694736842105263,3.860212739117927e-05
2024,2.702005012531328,3.278626961833611e-05
2024,2.7092731829573933,2.7799409151648982e-05
2024,2.7165413533834584,2.3531079471094363e-05
2024,2.723809523809524,1.9884322391460307e-05
2024,2.731077694235589,1.6774220149081286e-05
2024,2.738345864661654,1.4126559973826496e-05
2024,2.745614035087719,1.1876623094952287e-05
2024,2.7528822055137843,9.968090030232913e-06
2024,2.7601503759398494,8.35205402466436e-06
2024,2.7674185463659144,6.9861346196681136e-06
2024,2.77468671679198,5.833683529151117e-06
2024,2.781954887218045,4.863075259471636e-06
2024,2.78922305764411,4.047075222244922e-06
2024,2.7964912280701753,3.3622784394062304e-06
2024,2.8037593984962403,2.788612317872266e-06
2024,2.8110275689223054,2.308897366765498e-06
2024,2.818295739348371,1.9084601350718703e-06
2024,2.825563909774436,1.5747930546402224e-06
2024,2.832832080200501,1.2972562766152132e-06
2024,2.8401002506265662,1.0668169838160173e-06
2024,2.8473684210526313,8.75822043289898e-07
2024,2.8546365914786964,7.178002292220678e-07
2024,2.861904761904762,5.872905942791752e-07
2024,2.869172932330827,4.796938956918032e-07
2024,2.876441102756892,3.911442899146764e-07
2024,2.8837092731829572,3.1839879601512517e-07
2024,2.8909774436090223,2.5874229292138873e-07
2024,2.8982456140350874,2.099060595503641e-07
2024,2.905513784461153,1.6999809014433361e-07
2024,2.912781954887218,1.3744362061281234e-07
2024,2.920050125313283,1.1093448619970043e-07
2024,2.927318295739348,8.938609739881159e-08
2024,2.9345864661654133,7.190097082424898e-08
2024,2.9418546365914784,5.773788585529944e-08
2024,2.949122807017544,4.628585748628566e-08
2024,2.956390977443609,3.7042222083961e-08
2024,2.963659147869674,2.9594226829386977e-08
2024,2.970927318295739,2.3603596601357514e-08
2024,2.9781954887218043,1.879362499917169e-08
2024,2.9854636591478694,1.4938400102437756e-08
2024,2.992731829573935,1.1853831361042014e-08
2024,3.0,9.390192570784254e-09
